{
  "confusion_matrix": {
    "knn": [
      [
        1768,
        164
      ],
      [
        20,
        48
      ]
    ],
    "arvore": [
      [
        1829,
        103
      ],
      [
        23,
        45
      ]
    ]
  },
  "metricas_extras": {
    "knn": {
      "precisao": 0.2264,
      "recall": 0.7059,
      "f1": 0.3429
    },
    "arvore": {
      "precisao": 0.3041,
      "recall": 0.6618,
      "f1": 0.4167
    }
  },
  "desempenho_por_tipo": [
    {
      "tipo": "L",
      "n": 1170,
      "acc_knn": 0.9102564102564102,
      "acc_arvore": 0.9341880341880342
    },
    {
      "tipo": "M",
      "n": 616,
      "acc_knn": 0.9090909090909091,
      "acc_arvore": 0.939935064935065
    },
    {
      "tipo": "H",
      "n": 214,
      "acc_knn": 0.8925233644859814,
      "acc_arvore": 0.9439252336448598
    }
  ]
}